"0","66","0","18"
"1","482","3","24"
"2","979","7","22"
"3","960","8","26"
"4","519","10","24"
"5","233","12","14"
"6","324","13","10"
"7","700","15","16"
"8","938","16","10"
"9","861","19","10"
"10","255","22","12"
"11","174","24","20"
"12","26","26","28"
"13","470","28","13"
"14","964","29","30"
"15","182","31","16"
"16","221","32","25"
"17","81","34","30"
"18","624","38","22"
"19","970","39","28"
"20","373","40","23"
"21","313","42","25"
"22","9","48","17"
"23","847","49","18"
"24","172","51","15"
"25","47","52","12"
"26","339","56","19"
"27","409","59","29"
"28","917","60","22"
"29","986","63","30"
"30","551","64","30"
"31","391","66","17"
"32","923","69","28"
"33","540","71","30"
"34","193","72","22"
"35","77","74","14"
"36","717","75","22"
"37","102","76","23"
"38","970","79","13"
"39","174","80","15"
"40","997","83","24"
"41","597","87","12"
"42","547","88","18"
"43","783","90","24"
"44","624","92","21"
"45","516","95","19"
"46","272","97","17"
"47","256","98","18"
"48","118","100","28"
"49","815","101","14"
"50","635","104","24"
"51","109","106","21"
"52","103","109","16"
"53","542","113","10"
"54","268","114","23"
"55","406","116","17"
"56","58","117","24"
"57","974","118","17"
"58","167","119","14"
"59","504","121","13"
"60","17","124","19"
"61","949","125","30"
"62","17","126","19"
"63","737","129","26"
"64","433","131","17"
"65","759","132","12"
"66","709","133","26"
"67","776","134","26"
"68","203","135","12"
"69","958","139","30"
"70","623","141","17"
"71","156","144","10"
"72","838","145","21"
"73","120","146","13"
"74","386","150","21"
"75","792","151","10"
"76","830","153","20"
"77","938","154","30"
"78","457","157","11"
"79","270","158","11"
"80","907","160","16"
"81","253","162","19"
"82","736","164","14"
"83","729","166","26"
"84","947","167","18"
"85","878","168","28"
"86","953","169","26"
"87","275","170","14"
"88","570","174","27"
"89","397","176","10"
"90","887","177","28"
"91","517","180","30"
"92","955","183","29"
"93","945","185","20"
"94","56","187","13"
"95","616","189","25"
"96","532","190","27"
"97","416","199","11"
"98","145","201","24"
"99","892","203","23"
"100","545","205","29"
"101","822","206","22"
"102","905","209","12"
"103","329","210","28"
"104","379","217","27"
"105","624","219","15"
"106","242","220","16"
"107","972","222","15"
"108","632","223","13"
"109","58","224","16"
"110","339","225","29"
"111","530","226","13"
"112","208","227","29"
"113","745","231","18"
"114","402","236","10"
"115","658","237","17"
"116","9","239","28"
"117","752","243","20"
"118","624","244","10"
"119","714","245","10"
"120","406","248","10"
"121","995","249","11"
"122","619","250","10"
"123","955","251","15"
"124","412","252","28"
"125","614","253","23"
"126","429","254","10"
"127","635","255","23"
"128","742","256","20"
"129","839","257","11"
"130","663","259","16"
"131","774","263","29"
"132","269","265","30"
"133","595","266","15"
"134","150","268","12"
"135","738","270","19"
"136","810","271","27"
"137","298","272","10"
"138","339","275","27"
"139","299","277","14"
"140","3","278","10"
"141","142","280","12"
"142","421","282","13"
"143","172","283","19"
"144","281","285","29"
"145","358","287","30"
"146","248","288","29"
"147","721","289","17"
"148","468","290","11"
"149","144","292","22"
"150","9","294","21"
"151","566","297","26"
"152","694","300","19"
"153","674","302","15"
"154","888","305","24"
"155","304","306","22"
"156","794","307","28"
"157","945","308","13"
"158","475","310","26"
"159","335","311","30"
"160","545","312","22"
"161","215","316","27"
"162","726","317","18"
"163","43","319","19"
"164","233","320","28"
"165","135","322","13"
"166","895","325","25"
"167","913","328","18"
"168","118","329","19"
"169","298","330","11"
"170","371","332","15"
"171","928","334","18"
"172","765","337","12"
"173","317","339","25"
"174","778","341","25"
"175","866","342","22"
"176","85","344","23"
"177","582","345","29"
"178","446","347","11"
"179","476","350","24"
"180","893","351","20"
"181","2","352","13"
"182","199","353","14"
"183","306","357","28"
"184","542","360","14"
"185","930","361","29"
"186","375","363","19"
"187","96","364","27"
"188","111","365","17"
"189","128","366","22"
"190","694","367","19"
"191","647","370","26"
"192","482","372","20"
"193","844","373","22"
"194","75","376","13"
"195","367","377","13"
"196","564","378","18"
"197","573","379","17"
"198","396","382","21"
"199","780","383","28"
"200","887","384","27"
"201","924","385","13"
"202","224","386","25"
"203","445","388","23"
"204","942","390","26"
"205","232","392","11"
"206","92","393","23"
"207","88","396","20"
"208","981","399","16"
"209","178","400","20"
"210","44","401","29"
"211","931","403","21"
"212","539","405","15"
"213","153","406","14"
"214","103","407","23"
"215","125","409","16"
"216","341","411","24"
"217","555","413","17"
"218","464","415","23"
"219","872","417","28"
"220","561","420","29"
"221","116","422","27"
"222","384","425","14"
"223","203","426","27"
"224","58","427","18"
"225","265","429","12"
"226","884","435","27"
"227","448","437","25"
"228","395","438","15"
"229","400","442","15"
"230","625","445","11"
"231","490","449","28"
"232","908","450","29"
"233","19","454","22"
"234","399","455","12"
"235","299","458","27"
"236","76","459","27"
"237","321","462","29"
"238","371","465","22"
"239","63","471","26"
"240","666","473","20"
"241","480","474","17"
"242","402","478","13"
"243","124","479","22"
"244","821","481","24"
"245","456","484","23"
"246","768","486","20"
"247","38","487","19"
"248","79","489","16"
"249","216","490","20"
"250","75","491","14"
"251","169","493","13"
"252","465","494","18"
"253","243","496","10"
"254","79","500","18"
"255","24","502","21"
"256","473","503","23"
"257","273","505","12"
"258","724","509","27"
"259","234","510","20"
"260","11","511","11"
"261","53","516","29"
"262","144","518","15"
"263","374","520","29"
"264","610","522","28"
"265","774","524","14"
"266","597","526","15"
"267","728","527","30"
"268","535","531","12"
"269","838","532","24"
"270","623","534","13"
"271","340","535","16"
"272","339","537","26"
"273","714","539","20"
"274","514","541","20"
"275","162","542","17"
"276","268","545","23"
"277","196","546","21"
"278","634","548","10"
"279","525","550","13"
"280","741","552","14"
"281","624","554","23"
"282","957","557","24"
"283","818","558","24"
"284","108","560","21"
"285","515","561","11"
"286","652","563","30"
"287","231","565","13"
"288","839","567","12"
"289","635","568","25"
"290","287","569","15"
"291","856","570","18"
"292","314","571","16"
"293","349","573","28"
"294","680","575","27"
"295","578","576","16"
"296","11","577","26"
"297","327","579","24"
"298","158","581","21"
"299","578","582","24"
"300","827","584","18"
"301","274","585","24"
"302","702","591","18"
"303","135","592","18"
"304","237","593","15"
"305","769","594","29"
"306","373","595","17"
"307","775","596","17"
"308","163","598","21"
"309","670","600","10"
"310","114","602","13"
"311","269","604","20"
"312","22","607","27"
"313","491","608","11"
"314","833","614","19"
"315","520","617","12"
"316","910","618","12"
"317","141","620","12"
"318","276","621","18"
"319","562","622","24"
"320","989","625","27"
"321","351","626","29"
"322","22","627","27"
"323","641","628","12"
"324","396","630","15"
"325","553","634","23"
"326","780","637","14"
"327","440","638","16"
"328","114","639","12"
"329","79","640","20"
"330","840","642","28"
"331","246","643","19"
"332","458","645","17"
"333","615","646","10"
"334","706","647","14"
"335","962","648","22"
"336","998","649","16"
"337","868","653","24"
"338","655","659","23"
"339","232","660","29"
"340","784","661","25"
"341","377","662","16"
"342","722","667","15"
"343","519","670","10"
"344","763","672","10"
"345","302","674","26"
"346","241","676","24"
"347","964","682","23"
"348","805","683","25"
"349","651","685","22"
"350","877","686","27"
"351","324","689","12"
"352","588","690","27"
"353","920","691","20"
"354","712","694","11"
"355","960","698","12"
"356","325","701","22"
"357","331","708","25"
"358","684","709","29"
"359","196","710","23"
"360","799","713","21"
"361","9","714","16"
"362","552","715","13"
"363","25","717","29"
"364","104","718","17"
"365","274","719","21"
"366","114","721","12"
"367","421","722","28"
"368","544","724","24"
"369","1","728","11"
"370","377","729","30"
"371","353","732","24"
"372","436","735","19"
"373","665","736","27"
"374","246","739","22"
"375","218","741","30"
"376","500","743","26"
"377","677","748","28"
"378","34","749","19"
"379","999","754","25"
"380","137","756","16"
"381","514","757","16"
"382","630","758","13"
"383","999","760","10"
"384","198","765","23"
"385","585","768","24"
"386","279","771","14"
"387","673","772","16"
"388","555","773","22"
"389","633","776","27"
"390","94","777","13"
"391","686","778","17"
"392","926","780","11"
"393","555","781","16"
"394","63","782","14"
"395","827","785","16"
"396","827","790","17"
"397","272","792","12"
"398","680","793","19"
"399","403","794","15"
"400","397","795","22"
"401","574","796","18"
"402","874","798","30"
"403","161","799","16"
"404","157","800","21"
"405","791","801","23"
"406","864","805","15"
"407","302","808","12"
"408","556","809","30"
"409","99","812","19"
"410","534","813","17"
"411","546","816","30"
"412","509","817","30"
"413","163","818","10"
"414","138","820","23"
"415","863","821","30"
"416","948","822","21"
"417","6","827","14"
"418","371","831","16"
"419","816","832","14"
"420","155","835","30"
"421","199","841","12"
"422","997","843","12"
"423","450","844","25"
"424","373","853","20"
"425","416","854","30"
"426","427","856","15"
"427","862","859","25"
"428","710","860","23"
"429","562","866","21"
"430","554","867","18"
"431","956","868","28"
"432","625","869","21"
"433","218","870","27"
"434","501","874","10"
"435","569","878","23"
"436","948","879","13"
"437","638","880","28"
"438","987","882","11"
"439","140","886","17"
"440","996","888","19"
"441","522","889","22"
"442","394","893","19"
"443","335","894","28"
"444","379","895","20"
"445","873","899","22"
"446","582","900","30"
"447","904","902","20"
"448","166","903","19"
"449","929","904","30"
"450","344","907","26"
"451","684","908","26"
"452","742","909","11"
"453","820","910","14"
"454","223","913","19"
"455","636","915","14"
"456","172","920","19"
"457","570","921","16"
"458","395","922","10"
"459","725","924","23"
"460","556","929","21"
"461","492","931","26"
"462","391","934","21"
"463","787","935","28"
"464","752","936","13"
"465","951","942","29"
"466","310","943","28"
"467","67","944","19"
"468","410","946","13"
"469","225","947","22"
"470","976","948","28"
"471","544","949","19"
"472","803","950","26"
"473","377","952","27"
"474","628","953","28"
"475","727","958","18"
"476","660","959","15"
"477","613","961","12"
"478","122","962","19"
"479","965","964","21"
"480","535","968","13"
"481","475","969","30"
"482","642","973","24"
"483","273","974","20"
"484","751","978","25"
"485","191","981","10"
"486","221","984","13"
"487","472","986","12"
"488","360","989","20"
"489","817","990","10"
"490","323","991","10"
"491","865","992","11"
"492","22","993","26"
"493","330","996","28"
"494","371","999","15"
"495","610","1000","27"
"496","350","1001","24"
"497","143","1011","17"
"498","651","1013","14"
"499","500","1014","11"
"500","351","1015","24"
"501","979","1019","27"
"502","506","1021","18"
"503","381","1023","25"
"504","898","1024","15"
"505","769","1028","17"
"506","446","1029","12"
"507","775","1030","17"
"508","906","1033","23"
"509","854","1035","22"
"510","363","1036","24"
"511","280","1038","26"
"512","601","1040","19"
"513","157","1041","17"
"514","450","1043","19"
"515","4","1044","18"
"516","508","1045","25"
"517","882","1048","25"
"518","816","1051","12"
"519","380","1052","10"
"520","777","1053","10"
"521","191","1054","13"
"522","71","1055","20"
"523","62","1056","23"
"524","922","1057","28"
"525","955","1058","14"
"526","713","1059","20"
"527","26","1061","27"
"528","558","1062","10"
"529","800","1064","25"
"530","481","1067","28"
"531","216","1068","26"
"532","562","1069","17"
"533","202","1071","12"
"534","778","1072","21"
"535","713","1074","25"
"536","294","1075","24"
"537","673","1076","11"
"538","380","1077","12"
"539","629","1078","30"
"540","680","1080","19"
"541","869","1083","13"
"542","409","1084","20"
"543","122","1087","18"
"544","421","1089","17"
"545","624","1093","28"
"546","541","1094","24"
"547","867","1095","11"
"548","591","1097","24"
"549","781","1098","20"
"550","221","1099","17"
"551","39","1103","25"
"552","378","1105","23"
"553","846","1107","20"
"554","534","1108","28"
"555","615","1109","16"
"556","926","1111","20"
"557","309","1112","18"
"558","251","1113","19"
"559","216","1117","27"
"560","360","1119","19"
"561","292","1122","23"
"562","413","1124","25"
"563","106","1126","15"
"564","168","1127","23"
"565","378","1128","21"
"566","102","1130","13"
"567","834","1131","21"
"568","895","1132","11"
"569","620","1134","26"
"570","724","1137","30"
"571","379","1140","11"
"572","583","1141","14"
"573","849","1143","29"
"574","210","1146","20"
"575","454","1148","23"
"576","926","1149","26"
"577","14","1151","21"
"578","813","1153","27"
"579","70","1154","13"
"580","238","1155","18"
"581","159","1157","18"
"582","286","1158","25"
"583","99","1163","25"
"584","619","1164","20"
"585","415","1169","24"
"586","988","1171","21"
"587","680","1172","29"
"588","63","1173","25"
"589","153","1175","16"
"590","931","1177","14"
"591","486","1179","26"
"592","221","1180","13"
"593","656","1181","29"
"594","552","1182","29"
"595","425","1185","17"
"596","555","1186","22"
"597","225","1189","16"
"598","19","1190","28"
"599","833","1191","29"
"600","265","1192","11"
"601","242","1196","24"
"602","770","1197","20"
"603","143","1199","29"
"604","628","1200","18"
"605","577","1201","10"
"606","814","1203","18"
"607","642","1206","14"
"608","967","1211","21"
"609","799","1213","10"
"610","245","1214","17"
"611","948","1215","20"
"612","495","1217","15"
"613","653","1220","13"
"614","660","1221","29"
"615","783","1222","10"
"616","839","1224","22"
"617","394","1225","25"
"618","315","1226","22"
"619","893","1233","22"
"620","481","1236","18"
"621","994","1237","24"
"622","216","1238","15"
"623","216","1240","19"
"624","888","1241","30"
"625","39","1243","14"
"626","753","1244","29"
"627","357","1249","15"
"628","167","1250","30"
"629","457","1253","30"
"630","955","1254","22"
"631","779","1256","15"
"632","0","1260","22"
"633","308","1261","27"
"634","39","1263","27"
"635","175","1267","26"
"636","810","1273","17"
"637","875","1274","10"
"638","158","1276","29"
"639","971","1277","13"
"640","516","1279","30"
"641","256","1282","19"
"642","81","1283","30"
"643","319","1284","17"
"644","149","1286","21"
"645","453","1288","14"
"646","880","1289","27"
"647","842","1290","17"
"648","611","1291","26"
"649","287","1293","13"
"650","35","1299","26"
"651","63","1300","25"
"652","409","1303","22"
"653","421","1305","15"
"654","879","1306","12"
"655","446","1307","17"
"656","5","1312","23"
"657","649","1315","18"
"658","843","1318","16"
"659","350","1319","24"
"660","866","1321","16"
"661","507","1323","23"
"662","637","1324","22"
"663","116","1325","14"
"664","432","1327","19"
"665","421","1329","20"
"666","873","1332","30"
"667","213","1333","24"
"668","501","1338","22"
"669","254","1340","17"
"670","851","1342","12"
"671","261","1343","22"
"672","757","1344","30"
"673","529","1348","16"
"674","904","1350","27"
"675","587","1352","15"
"676","104","1354","16"
"677","705","1355","21"
"678","900","1359","12"
"679","386","1360","19"
"680","142","1361","10"
"681","573","1367","17"
"682","107","1368","17"
"683","67","1369","26"
"684","113","1370","22"
"685","508","1371","17"
"686","661","1378","18"
"687","541","1379","29"
"688","432","1380","23"
"689","752","1383","18"
"690","88","1384","12"
"691","53","1385","26"
"692","509","1386","25"
"693","321","1389","23"
"694","727","1390","11"
"695","135","1392","29"
"696","938","1393","19"
"697","768","1396","10"
"698","738","1399","21"
"699","467","1402","26"
"700","238","1403","21"
"701","747","1404","25"
"702","847","1405","22"
"703","545","1406","26"
"704","29","1407","30"
"705","836","1408","12"
"706","354","1410","11"
"707","841","1411","20"
"708","303","1414","19"
"709","373","1423","23"
"710","538","1426","11"
"711","966","1428","24"
"712","323","1429","26"
"713","771","1431","12"
"714","571","1432","23"
"715","470","1433","24"
"716","968","1434","18"
"717","858","1436","21"
"718","350","1437","21"
"719","69","1438","10"
"720","657","1442","14"
"721","273","1445","12"
"722","416","1446","10"
"723","885","1448","16"
"724","777","1449","22"
"725","672","1451","21"
"726","183","1452","15"
"727","446","1453","17"
"728","93","1457","11"
"729","48","1461","19"
"730","890","1463","25"
"731","507","1468","30"
"732","663","1471","13"
"733","407","1473","23"
"734","703","1480","16"
"735","627","1482","26"
"736","528","1485","19"
"737","970","1489","10"
"738","287","1491","29"
"739","757","1497","25"
"740","440","1501","20"
"741","968","1502","14"
"742","801","1507","25"
"743","102","1508","21"
"744","429","1514","16"
"745","845","1515","11"
"746","668","1516","30"
"747","327","1517","27"
"748","291","1518","15"
"749","663","1524","23"
"750","372","1527","19"
"751","268","1528","22"
"752","866","1529","26"
"753","747","1532","12"
"754","236","1534","26"
"755","788","1535","26"
"756","527","1536","11"
"757","897","1537","14"
"758","596","1538","20"
"759","545","1539","10"
"760","59","1540","18"
"761","788","1543","15"
"762","691","1546","30"
"763","249","1547","19"
"764","963","1548","20"
"765","142","1552","12"
"766","701","1556","12"
"767","452","1557","22"
"768","675","1561","25"
"769","450","1562","10"
"770","848","1564","17"
"771","435","1565","28"
"772","27","1566","29"
"773","924","1568","26"
"774","881","1569","30"
"775","381","1572","30"
"776","660","1573","14"
"777","62","1574","11"
"778","440","1576","26"
"779","516","1579","16"
"780","324","1581","14"
"781","265","1584","14"
"782","506","1588","29"
"783","687","1592","14"
"784","159","1593","12"
"785","691","1595","13"
"786","65","1598","10"
"787","239","1601","22"
"788","954","1602","24"
"789","366","1604","10"
"790","796","1605","29"
"791","442","1608","22"
"792","55","1609","14"
"793","639","1611","25"
"794","726","1612","16"
"795","88","1613","17"
"796","703","1614","25"
"797","897","1616","19"
"798","103","1617","10"
"799","484","1619","28"
"800","389","1621","19"
"801","123","1622","19"
"802","745","1625","19"
"803","612","1626","22"
"804","979","1627","20"
"805","435","1629","25"
"806","23","1633","10"
"807","791","1638","29"
"808","670","1640","26"
"809","349","1642","20"
"810","169","1645","20"
"811","164","1646","20"
"812","954","1648","15"
"813","388","1650","30"
"814","273","1651","15"
"815","204","1652","10"
"816","620","1653","28"
"817","724","1657","27"
"818","917","1660","11"
"819","503","1661","15"
"820","136","1662","20"
"821","642","1665","12"
"822","920","1666","25"
"823","282","1668","21"
"824","278","1669","25"
"825","584","1670","10"
"826","775","1671","18"
"827","226","1677","16"
"828","366","1682","30"
"829","406","1685","16"
"830","215","1690","25"
"831","674","1691","15"
"832","891","1694","29"
"833","71","1695","26"
"834","273","1696","23"
"835","973","1699","10"
"836","847","1702","21"
"837","433","1703","10"
"838","241","1704","25"
"839","811","1706","11"
"840","93","1707","22"
"841","513","1708","17"
"842","979","1711","29"
"843","346","1712","21"
"844","714","1715","25"
"845","817","1716","26"
"846","59","1717","17"
"847","649","1720","13"
"848","773","1721","26"
"849","476","1722","14"
"850","949","1723","13"
"851","449","1726","22"
"852","246","1730","19"
"853","5","1731","10"
"854","841","1732","18"
"855","312","1733","13"
"856","235","1735","15"
"857","501","1736","11"
"858","261","1738","17"
"859","225","1739","17"
"860","935","1740","18"
"861","990","1742","12"
"862","952","1743","26"
"863","963","1748","27"
"864","991","1750","26"
"865","329","1751","18"
"866","947","1755","23"
"867","96","1756","21"
"868","542","1757","19"
"869","706","1763","26"
"870","61","1764","22"
"871","687","1766","21"
"872","396","1770","28"
"873","749","1771","26"
"874","495","1773","18"
"875","922","1778","16"
"876","424","1779","22"
"877","333","1782","12"
"878","448","1783","24"
"879","787","1784","10"
"880","682","1788","25"
"881","881","1790","20"
"882","150","1796","29"
"883","719","1798","11"
"884","86","1802","29"
"885","191","1804","26"
"886","821","1807","16"
"887","84","1808","26"
"888","333","1811","18"
"889","768","1818","27"
"890","281","1823","13"
"891","782","1827","16"
"892","439","1829","26"
"893","575","1831","27"
"894","551","1833","16"
"895","171","1834","17"
"896","887","1836","11"
"897","399","1838","13"
"898","297","1841","29"
"899","192","1844","18"
"900","77","1847","22"
"901","784","1848","13"
"902","646","1856","12"
"903","127","1857","12"
"904","385","1861","20"
"905","862","1862","26"
"906","472","1864","25"
"907","165","1870","25"
"908","525","1872","26"
"909","162","1873","21"
"910","192","1874","19"
"911","590","1877","30"
"912","72","1878","26"
"913","698","1879","16"
"914","211","1880","18"
"915","717","1882","13"
"916","246","1885","13"
"917","778","1887","30"
"918","145","1889","25"
"919","145","1893","15"
"920","954","1894","11"
"921","443","1895","13"
"922","878","1897","22"
"923","31","1898","26"
"924","596","1899","19"
"925","802","1902","19"
"926","440","1903","30"
"927","581","1904","18"
"928","181","1907","28"
"929","636","1908","24"
"930","847","1910","10"
"931","672","1911","24"
"932","717","1913","22"
"933","727","1917","14"
"934","882","1919","29"
"935","994","1921","12"
"936","373","1930","19"
"937","196","1931","24"
"938","458","1936","19"
"939","200","1937","15"
"940","340","1938","23"
"941","757","1941","14"
"942","311","1943","26"
"943","2","1944","26"
"944","753","1946","25"
"945","520","1948","13"
"946","270","1949","23"
"947","840","1953","30"
"948","528","1956","13"
"949","595","1960","11"
"950","496","1962","12"
"951","699","1963","14"
"952","641","1966","19"
"953","261","1968","19"
"954","206","1971","16"
"955","724","1972","11"
"956","505","1973","21"
"957","127","1975","19"
"958","70","1978","27"
"959","546","1979","11"
"960","125","1982","28"
"961","372","1983","26"
"962","111","1984","22"
"963","894","1988","28"
"964","591","1990","28"
"965","266","1992","12"
"966","960","1993","14"
"967","477","1995","18"
"968","532","1996","27"
"969","546","1999","29"
"970","997","0","24"
"971","282","3","29"
"972","210","7","24"
"973","546","8","17"
"974","92","10","13"
"975","18","12","23"
"976","863","13","28"
"977","989","15","10"
"978","41","16","24"
"979","478","19","13"
"980","81","22","22"
"981","921","24","14"
"982","234","26","27"
"983","212","28","20"
"984","949","29","29"
"985","588","31","28"
"986","107","32","12"
"987","686","34","29"
"988","753","38","29"
"989","937","39","27"
"990","114","40","11"
"991","324","42","16"
"992","76","48","26"
"993","413","49","14"
"994","671","51","23"
"995","377","52","17"
"996","442","56","26"
"997","337","59","23"
"998","289","60","24"
"999","644","63","26"
"1000","288","64","16"
"1001","282","66","21"
"1002","4","69","20"
"1003","849","71","17"
"1004","476","72","19"
"1005","229","74","15"
"1006","383","75","26"
"1007","137","76","23"
"1008","837","79","23"
"1009","709","80","25"
"1010","448","83","24"
"1011","806","87","18"
"1012","594","88","30"
"1013","802","90","10"
"1014","506","92","29"
"1015","55","95","16"
"1016","259","97","30"
"1017","880","98","26"
"1018","582","100","23"
"1019","403","101","27"
"1020","218","104","12"
"1021","735","106","12"
"1022","413","109","10"
"1023","473","113","27"
"1024","605","114","12"
"1025","19","116","14"
"1026","194","117","19"
"1027","730","118","18"
"1028","542","119","15"
"1029","276","121","14"
"1030","203","124","13"
"1031","893","125","10"
"1032","78","126","25"
"1033","95","129","24"
"1034","447","131","25"
"1035","397","132","24"
"1036","243","133","23"
"1037","868","134","18"
"1038","531","135","16"
"1039","602","139","27"
"1040","268","141","10"
"1041","366","144","22"
"1042","532","145","20"
"1043","676","146","29"
"1044","602","150","15"
"1045","137","151","29"
"1046","72","153","13"
"1047","495","154","19"
"1048","809","157","17"
"1049","960","158","25"
"1050","961","160","25"
"1051","991","162","19"
"1052","824","164","30"
"1053","340","166","17"
"1054","570","167","22"
"1055","279","168","25"
"1056","779","169","17"
"1057","773","170","22"
"1058","86","174","18"
"1059","258","176","24"
"1060","711","177","26"
"1061","958","180","24"
"1062","557","183","27"
"1063","587","185","20"
"1064","962","187","11"
"1065","325","189","24"
"1066","734","190","23"
"1067","808","199","24"
"1068","420","201","23"
"1069","320","203","18"
"1070","505","205","28"
"1071","82","206","14"
"1072","215","209","25"
"1073","930","210","13"
"1074","132","217","23"
"1075","981","219","16"
"1076","345","220","12"
"1077","752","222","28"
"1078","200","223","27"
"1079","345","224","14"
"1080","437","225","23"
"1081","453","226","29"
"1082","528","227","19"
"1083","322","231","17"
"1084","673","236","12"
"1085","439","237","22"
"1086","979","239","20"
"1087","803","243","16"
"1088","527","244","20"
"1089","418","245","17"
"1090","354","248","28"
"1091","922","249","23"
"1092","190","250","23"
"1093","459","251","25"
"1094","358","252","14"
"1095","935","253","27"
"1096","887","254","19"
"1097","501","255","23"
"1098","258","256","21"
"1099","400","257","19"
"1100","145","259","12"
"1101","935","263","29"
"1102","3","265","17"
"1103","312","266","26"
"1104","16","268","11"
"1105","761","270","12"
"1106","785","271","10"
"1107","23","272","11"
"1108","778","275","28"
"1109","678","277","29"
"1110","668","278","10"
"1111","97","280","25"
"1112","768","282","25"
"1113","529","283","21"
"1114","224","285","29"
"1115","574","287","13"
"1116","113","288","16"
"1117","543","289","22"
"1118","956","290","28"
"1119","807","292","29"
"1120","394","294","30"
"1121","217","297","21"
"1122","172","300","17"
"1123","574","302","29"
"1124","938","305","19"
"1125","495","306","29"
"1126","628","307","10"
"1127","69","308","10"
"1128","511","310","21"
"1129","793","311","27"
"1130","16","312","16"
"1131","724","316","26"
"1132","281","317","18"
"1133","271","319","19"
"1134","243","320","18"
"1135","379","322","13"
"1136","19","325","21"
"1137","881","328","30"
"1138","41","329","27"
"1139","56","330","16"
"1140","669","332","11"
"1141","509","334","14"
"1142","121","337","30"
"1143","509","339","16"
"1144","291","341","18"
"1145","740","342","16"
"1146","178","344","28"
"1147","841","345","30"
"1148","362","347","25"
"1149","235","350","24"
"1150","896","351","11"
"1151","249","352","20"
"1152","226","353","24"
"1153","964","357","21"
"1154","266","360","10"
"1155","618","361","30"
"1156","875","363","24"
"1157","650","364","13"
"1158","954","365","19"
"1159","982","366","17"
"1160","196","367","11"
"1161","791","370","29"
"1162","125","372","21"
"1163","993","373","29"
"1164","232","376","15"
"1165","293","377","16"
"1166","404","378","22"
"1167","957","379","17"
"1168","905","382","25"
"1169","99","383","18"
"1170","318","384","21"
"1171","590","385","18"
"1172","639","386","25"
"1173","986","388","30"
"1174","344","390","12"
"1175","793","392","24"
"1176","287","393","22"
"1177","485","396","19"
"1178","599","399","17"
"1179","638","400","10"
"1180","284","401","10"
"1181","940","403","28"
"1182","517","405","16"
"1183","326","406","20"
"1184","127","407","13"
"1185","554","409","28"
"1186","404","411","10"
"1187","12","413","19"
"1188","42","415","30"
"1189","284","417","11"
"1190","533","420","13"
"1191","539","422","20"
"1192","621","425","29"
"1193","406","426","12"
"1194","377","427","25"
"1195","904","429","11"
"1196","945","435","28"
"1197","166","437","29"
"1198","662","438","18"
"1199","782","442","16"
"1200","352","445","21"
"1201","567","449","11"
"1202","157","450","30"
"1203","522","454","27"
"1204","34","455","30"
"1205","520","458","22"
"1206","195","459","22"
"1207","155","462","22"
"1208","297","465","11"
"1209","501","471","30"
"1210","594","473","20"
"1211","545","474","27"
"1212","0","478","30"
"1213","349","479","15"
"1214","244","481","14"
"1215","447","484","24"
"1216","933","486","17"
"1217","718","487","14"
"1218","189","489","20"
"1219","513","490","17"
"1220","408","491","21"
"1221","538","493","28"
"1222","134","494","22"
"1223","280","496","15"
"1224","933","500","28"
"1225","48","502","27"
"1226","712","503","26"
"1227","909","505","16"
"1228","202","509","22"
"1229","993","510","26"
"1230","567","511","20"
"1231","324","516","27"
"1232","313","518","22"
"1233","183","520","15"
"1234","246","522","21"
"1235","939","524","25"
"1236","585","526","14"
"1237","278","527","10"
"1238","570","531","23"
"1239","947","532","13"
"1240","301","534","23"
"1241","654","535","22"
"1242","922","537","15"
"1243","2","539","29"
"1244","622","541","16"
"1245","847","542","15"
"1246","62","545","18"
"1247","28","546","29"
"1248","929","548","12"
"1249","93","550","10"
"1250","363","552","20"
"1251","773","554","26"
"1252","54","557","29"
"1253","983","558","16"
"1254","682","560","30"
"1255","819","561","15"
"1256","996","563","30"
"1257","678","565","11"
"1258","324","567","28"
"1259","388","568","19"
"1260","673","569","18"
"1261","191","570","13"
"1262","359","571","27"
"1263","759","573","29"
"1264","382","575","10"
"1265","400","576","25"
"1266","645","577","14"
"1267","518","579","25"
"1268","685","581","20"
"1269","320","582","19"
"1270","373","584","18"
"1271","315","585","18"
"1272","459","591","19"
"1273","487","592","24"
"1274","326","593","29"
"1275","838","594","30"
"1276","487","595","30"
"1277","24","596","28"
"1278","432","598","14"
"1279","629","600","19"
"1280","358","602","15"
"1281","90","604","28"
"1282","752","607","22"
"1283","655","608","19"
"1284","94","614","13"
"1285","852","617","16"
"1286","503","618","10"
"1287","458","620","29"
"1288","36","621","18"
"1289","103","622","12"
"1290","980","625","23"
"1291","167","626","19"
"1292","842","627","29"
"1293","802","628","20"
"1294","763","630","27"
"1295","66","634","29"
"1296","408","637","10"
"1297","268","638","26"
"1298","860","639","17"
"1299","234","640","29"
"1300","165","642","22"
"1301","332","643","27"
"1302","468","645","30"
"1303","603","646","17"
"1304","637","647","21"
"1305","336","648","13"
"1306","811","649","17"
"1307","298","653","20"
"1308","51","659","13"
"1309","734","660","17"
"1310","865","661","28"
"1311","593","662","11"
"1312","44","667","20"
"1313","622","670","28"
"1314","17","672","23"
"1315","182","674","28"
"1316","769","676","17"
"1317","76","682","21"
"1318","411","683","21"
"1319","686","685","25"
"1320","177","686","16"
"1321","90","689","16"
"1322","405","690","22"
"1323","134","691","27"
"1324","277","694","30"
"1325","843","698","19"
"1326","323","701","15"
"1327","852","708","15"
"1328","874","709","25"
"1329","511","710","14"
"1330","398","713","24"
"1331","133","714","19"
"1332","752","715","25"
"1333","332","717","14"
"1334","820","718","29"
"1335","605","719","20"
"1336","805","721","24"
"1337","460","722","28"
"1338","237","724","29"
"1339","122","728","10"
"1340","80","729","29"
"1341","916","732","10"
"1342","288","735","22"
"1343","579","736","23"
"1344","561","739","19"
"1345","217","741","26"
"1346","829","743","25"
"1347","467","748","18"
"1348","160","749","23"
"1349","149","754","22"
"1350","772","756","21"
"1351","818","757","18"
"1352","889","758","25"
"1353","241","760","28"
"1354","414","765","10"
"1355","113","768","21"
"1356","532","771","19"
"1357","939","772","10"
"1358","834","773","10"
"1359","908","776","25"
"1360","485","777","13"
"1361","312","778","27"
"1362","423","780","10"
"1363","915","781","18"
"1364","110","782","28"
"1365","777","785","14"
"1366","444","790","20"
"1367","688","792","17"
"1368","460","793","25"
"1369","207","794","24"
"1370","390","795","19"
"1371","616","796","15"
"1372","105","798","24"
"1373","709","799","21"
"1374","960","800","25"
"1375","567","801","20"
"1376","249","805","17"
"1377","316","808","28"
"1378","272","809","25"
"1379","508","812","14"
"1380","381","813","14"
"1381","806","816","29"
"1382","998","817","10"
"1383","281","818","30"
"1384","632","820","19"
"1385","786","821","11"
"1386","759","822","22"
"1387","647","827","19"
"1388","101","831","18"
"1389","398","832","13"
"1390","684","835","25"
"1391","576","841","29"
"1392","407","843","28"
"1393","128","844","17"
"1394","820","853","21"
"1395","108","854","24"
"1396","834","856","25"
"1397","882","859","17"
"1398","429","860","25"
"1399","924","866","28"
"1400","983","867","15"
"1401","40","868","25"
"1402","585","869","19"
"1403","168","870","23"
"1404","691","874","22"
"1405","576","878","30"
"1406","693","879","26"
"1407","1","880","16"
"1408","119","882","26"
"1409","277","886","26"
"1410","139","888","22"
"1411","131","889","15"
"1412","510","893","22"
"1413","259","894","21"
"1414","895","895","21"
"1415","697","899","26"
"1416","361","900","29"
"1417","136","902","29"
"1418","9","903","22"
"1419","992","904","19"
"1420","253","907","26"
"1421","994","908","16"
"1422","781","909","27"
"1423","943","910","26"
"1424","999","913","16"
"1425","48","915","26"
"1426","338","920","27"
"1427","898","921","11"
"1428","942","922","25"
"1429","33","924","18"
"1430","219","929","27"
"1431","991","931","13"
"1432","297","934","17"
"1433","574","935","26"
"1434","843","936","29"
"1435","901","942","27"
"1436","300","943","14"
"1437","912","944","13"
"1438","183","946","17"
"1439","732","947","12"
"1440","593","948","14"
"1441","211","949","17"
"1442","312","950","14"
"1443","56","952","17"
"1444","260","953","21"
"1445","969","958","25"
"1446","180","959","10"
"1447","886","961","17"
"1448","585","962","20"
"1449","463","964","24"
"1450","119","968","30"
"1451","903","969","21"
"1452","944","973","19"
"1453","635","974","21"
"1454","970","978","30"
"1455","479","981","22"
"1456","610","984","21"
"1457","550","986","25"
"1458","673","989","15"
"1459","882","990","16"
"1460","482","991","27"
"1461","937","992","13"
"1462","413","993","14"
"1463","768","996","28"
"1464","841","999","28"
"1465","879","1000","13"
"1466","560","1001","29"
"1467","456","1011","25"
"1468","538","1013","17"
"1469","245","1014","25"
"1470","893","1015","30"
"1471","729","1019","30"
"1472","48","1021","16"
"1473","407","1023","22"
"1474","131","1024","27"
"1475","343","1028","21"
"1476","326","1029","25"
"1477","146","1030","18"
"1478","206","1033","21"
"1479","531","1035","25"
"1480","375","1036","13"
"1481","788","1038","17"
"1482","981","1040","10"
"1483","734","1041","24"
"1484","461","1043","20"
"1485","156","1044","26"
"1486","902","1045","14"
"1487","259","1048","11"
"1488","496","1051","11"
"1489","42","1052","21"
"1490","508","1053","25"
"1491","267","1054","26"
"1492","299","1055","15"
"1493","854","1056","13"
"1494","173","1057","26"
"1495","567","1058","12"
"1496","120","1059","25"
"1497","655","1061","12"
"1498","247","1062","22"
"1499","183","1064","25"
"1500","182","1067","14"
"1501","270","1068","23"
"1502","891","1069","16"
"1503","515","1071","13"
"1504","578","1072","26"
"1505","185","1074","10"
"1506","671","1075","23"
"1507","977","1076","27"
"1508","296","1077","15"
"1509","894","1078","20"
"1510","624","1080","15"
"1511","516","1083","21"
"1512","456","1084","13"
"1513","213","1087","18"
"1514","266","1089","28"
"1515","623","1093","12"
"1516","864","1094","23"
"1517","520","1095","11"
"1518","967","1097","12"
"1519","243","1098","13"
"1520","462","1099","29"
"1521","607","1103","18"
"1522","966","1105","17"
"1523","512","1107","29"
"1524","564","1108","30"
"1525","305","1109","11"
"1526","0","1111","16"
"1527","736","1112","20"
"1528","271","1113","20"
"1529","490","1117","23"
"1530","539","1119","21"
"1531","915","1122","24"
"1532","509","1124","22"
"1533","340","1126","17"
"1534","321","1127","23"
"1535","204","1128","28"
"1536","877","1130","17"
"1537","70","1131","17"
"1538","301","1132","24"
"1539","926","1134","30"
"1540","818","1137","10"
"1541","284","1140","11"
"1542","532","1141","22"
"1543","904","1143","26"
"1544","118","1146","13"
"1545","354","1148","18"
"1546","584","1149","25"
"1547","183","1151","29"
"1548","570","1153","10"
"1549","326","1154","25"
"1550","737","1155","10"
"1551","252","1157","26"
"1552","290","1158","15"
"1553","465","1163","25"
"1554","441","1164","22"
"1555","717","1169","30"
"1556","423","1171","20"
"1557","979","1172","29"
"1558","97","1173","16"
"1559","845","1175","19"
"1560","985","1177","19"
"1561","228","1179","17"
"1562","561","1180","13"
"1563","561","1181","13"
"1564","480","1182","12"
"1565","943","1185","22"
"1566","711","1186","21"
"1567","256","1189","19"
"1568","952","1190","17"
"1569","993","1191","15"
"1570","589","1192","12"
"1571","758","1196","28"
"1572","941","1197","13"
"1573","228","1199","10"
"1574","878","1200","23"
"1575","368","1201","20"
"1576","765","1203","22"
"1577","845","1206","11"
"1578","625","1211","14"
"1579","382","1213","26"
"1580","71","1214","30"
"1581","607","1215","25"
"1582","272","1217","21"
"1583","685","1220","26"
"1584","831","1221","19"
"1585","449","1222","10"
"1586","548","1224","27"
"1587","70","1225","16"
"1588","873","1226","14"
"1589","528","1233","12"
"1590","987","1236","12"
"1591","962","1237","16"
"1592","128","1238","20"
"1593","36","1240","19"
"1594","713","1241","10"
"1595","422","1243","17"
"1596","513","1244","23"
"1597","723","1249","11"
"1598","974","1250","18"
"1599","528","1253","11"
"1600","686","1254","30"
"1601","351","1256","24"
"1602","467","1260","16"
"1603","327","1261","14"
"1604","269","1263","20"
"1605","330","1267","23"
"1606","579","1273","24"
"1607","117","1274","14"
"1608","849","1276","24"
"1609","861","1277","12"
"1610","275","1279","22"
"1611","327","1282","12"
"1612","579","1283","17"
"1613","2","1284","19"
"1614","249","1286","12"
"1615","506","1288","25"
"1616","116","1289","28"
"1617","630","1290","12"
"1618","393","1291","23"
"1619","826","1293","23"
"1620","43","1299","27"
"1621","53","1300","15"
"1622","409","1303","27"
"1623","295","1305","13"
"1624","106","1306","20"
"1625","254","1307","18"
"1626","119","1312","14"
"1627","402","1315","12"
"1628","451","1318","23"
"1629","299","1319","19"
"1630","388","1321","12"
"1631","754","1323","29"
"1632","971","1324","15"
"1633","851","1325","28"
"1634","484","1327","28"
"1635","904","1329","18"
"1636","122","1332","28"
"1637","516","1333","11"
"1638","532","1338","10"
"1639","504","1340","23"
"1640","648","1342","12"
"1641","775","1343","28"
"1642","724","1344","19"
"1643","315","1348","14"
"1644","211","1350","30"
"1645","179","1352","30"
"1646","388","1354","23"
"1647","670","1355","13"
"1648","38","1359","26"
"1649","515","1360","12"
"1650","452","1361","14"
"1651","880","1367","27"
"1652","93","1368","22"
"1653","638","1369","14"
"1654","967","1370","24"
"1655","613","1371","10"
"1656","646","1378","23"
"1657","736","1379","20"
"1658","13","1380","22"
"1659","643","1383","10"
"1660","617","1384","29"
"1661","68","1385","17"
"1662","417","1386","20"
"1663","724","1389","11"
"1664","919","1390","19"
"1665","894","1392","16"
"1666","876","1393","18"
"1667","697","1396","18"
"1668","858","1399","20"
"1669","142","1402","12"
"1670","494","1403","16"
"1671","741","1404","20"
"1672","728","1405","12"
"1673","779","1406","28"
"1674","41","1407","27"
"1675","610","1408","12"
"1676","370","1410","15"
"1677","923","1411","11"
"1678","214","1414","10"
"1679","633","1423","13"
"1680","524","1426","26"
"1681","905","1428","27"
"1682","546","1429","18"
"1683","685","1431","18"
"1684","517","1432","11"
"1685","237","1433","20"
"1686","976","1434","24"
"1687","40","1436","11"
"1688","658","1437","23"
"1689","313","1438","26"
"1690","18","1442","20"
"1691","555","1445","10"
"1692","398","1446","30"
"1693","898","1448","10"
"1694","703","1449","20"
"1695","379","1451","11"
"1696","89","1452","10"
"1697","180","1453","15"
"1698","653","1457","17"
"1699","693","1461","21"
"1700","923","1463","15"
"1701","955","1468","21"
"1702","646","1471","15"
"1703","207","1473","19"
"1704","370","1480","27"
"1705","171","1482","16"
"1706","548","1485","25"
"1707","711","1489","26"
"1708","417","1491","16"
"1709","760","1497","20"
"1710","635","1501","23"
"1711","716","1502","19"
"1712","921","1507","19"
"1713","236","1508","22"
"1714","147","1514","22"
"1715","368","1515","27"
"1716","666","1516","23"
"1717","855","1517","21"
"1718","967","1518","28"
"1719","529","1524","19"
"1720","263","1527","17"
"1721","272","1528","22"
"1722","756","1529","21"
"1723","103","1532","24"
"1724","680","1534","13"
"1725","96","1535","19"
"1726","555","1536","22"
"1727","502","1537","12"
"1728","11","1538","13"
"1729","257","1539","21"
"1730","244","1540","12"
"1731","841","1543","24"
"1732","100","1546","10"
"1733","107","1547","18"
"1734","298","1548","18"
"1735","362","1552","30"
"1736","915","1556","14"
"1737","992","1557","11"
"1738","690","1561","14"
"1739","39","1562","17"
"1740","892","1564","26"
"1741","826","1565","18"
"1742","614","1566","15"
"1743","408","1568","28"
"1744","167","1569","30"
"1745","404","1572","25"
"1746","479","1573","26"
"1747","110","1574","13"
"1748","416","1576","15"
"1749","765","1579","26"
"1750","498","1581","29"
"1751","504","1584","30"
"1752","91","1588","25"
"1753","301","1592","28"
"1754","386","1593","30"
"1755","542","1595","23"
"1756","679","1598","15"
"1757","508","1601","19"
"1758","131","1602","16"
"1759","73","1604","29"
"1760","81","1605","24"
"1761","97","1608","16"
"1762","705","1609","17"
"1763","166","1611","18"
"1764","788","1612","21"
"1765","920","1613","18"
"1766","734","1614","15"
"1767","488","1616","13"
"1768","319","1617","13"
"1769","976","1619","21"
"1770","926","1621","22"
"1771","551","1622","12"
"1772","419","1625","23"
"1773","801","1626","11"
"1774","806","1627","27"
"1775","338","1629","15"
"1776","218","1633","18"
"1777","495","1638","16"
"1778","213","1640","27"
"1779","588","1642","27"
"1780","705","1645","29"
"1781","41","1646","21"
"1782","1","1648","12"
"1783","544","1650","10"
"1784","199","1651","24"
"1785","733","1652","14"
"1786","306","1653","18"
"1787","958","1657","19"
"1788","531","1660","28"
"1789","938","1661","18"
"1790","929","1662","16"
"1791","556","1665","11"
"1792","228","1666","15"
"1793","968","1668","19"
"1794","883","1669","27"
"1795","708","1670","20"
"1796","788","1671","28"
"1797","23","1677","10"
"1798","205","1682","22"
"1799","864","1685","17"
"1800","526","1690","24"
"1801","715","1691","12"
"1802","271","1694","29"
"1803","310","1695","27"
"1804","292","1696","17"
"1805","312","1699","19"
"1806","97","1702","23"
"1807","88","1703","26"
"1808","429","1704","15"
"1809","896","1706","19"
"1810","190","1707","24"
"1811","267","1708","30"
"1812","844","1711","23"
"1813","10","1712","11"
"1814","999","1715","24"
"1815","173","1716","28"
"1816","861","1717","28"
"1817","474","1720","25"
"1818","297","1721","24"
"1819","363","1722","24"
"1820","349","1723","20"
"1821","95","1726","12"
"1822","121","1730","15"
"1823","441","1731","19"
"1824","678","1732","11"
"1825","938","1733","16"
"1826","633","1735","11"
"1827","180","1736","28"
"1828","729","1738","26"
"1829","163","1739","27"
"1830","271","1740","25"
"1831","914","1742","19"
"1832","396","1743","24"
"1833","654","1748","17"
"1834","501","1750","19"
"1835","590","1751","29"
"1836","424","1755","10"
"1837","928","1756","29"
"1838","71","1757","18"
"1839","947","1763","29"
"1840","64","1764","25"
"1841","55","1766","16"
"1842","743","1770","20"
"1843","498","1771","24"
"1844","603","1773","15"
"1845","931","1778","13"
"1846","98","1779","10"
"1847","815","1782","25"
"1848","655","1783","25"
"1849","484","1784","27"
"1850","432","1788","18"
"1851","354","1790","20"
"1852","542","1796","15"
"1853","642","1798","28"
"1854","712","1802","14"
"1855","719","1804","30"
"1856","612","1807","28"
"1857","16","1808","28"
"1858","325","1811","10"
"1859","191","1818","23"
"1860","998","1823","26"
"1861","492","1827","14"
"1862","254","1829","11"
"1863","420","1831","19"
"1864","156","1833","12"
"1865","877","1834","19"
"1866","989","1836","10"
"1867","780","1838","10"
"1868","322","1841","13"
"1869","495","1844","18"
"1870","101","1847","18"
"1871","203","1848","26"
"1872","958","1856","11"
"1873","300","1857","14"
"1874","241","1861","17"
"1875","216","1862","20"
"1876","860","1864","30"
"1877","687","1870","27"
"1878","222","1872","18"
"1879","559","1873","30"
"1880","95","1874","21"
"1881","974","1877","21"
"1882","576","1878","17"
"1883","546","1879","16"
"1884","981","1880","15"
"1885","617","1882","19"
"1886","416","1885","19"
"1887","99","1887","13"
"1888","986","1889","13"
"1889","804","1893","14"
"1890","830","1894","28"
"1891","523","1895","22"
"1892","263","1897","11"
"1893","356","1898","18"
"1894","677","1899","20"
"1895","269","1902","13"
"1896","867","1903","26"
"1897","6","1904","16"
"1898","361","1907","20"
"1899","253","1908","12"
"1900","170","1910","15"
"1901","347","1911","18"
"1902","941","1913","14"
"1903","937","1917","25"
"1904","358","1919","10"
"1905","334","1921","11"
"1906","485","1930","28"
"1907","643","1931","14"
"1908","714","1936","26"
"1909","78","1937","24"
"1910","669","1938","27"
"1911","319","1941","15"
"1912","655","1943","30"
"1913","286","1944","13"
"1914","575","1946","18"
"1915","87","1948","10"
"1916","884","1949","17"
"1917","49","1953","28"
"1918","541","1956","29"
"1919","106","1960","29"
"1920","256","1962","29"
"1921","881","1963","18"
"1922","574","1966","27"
"1923","816","1968","10"
"1924","332","1971","21"
"1925","461","1972","30"
"1926","879","1973","25"
"1927","98","1975","14"
"1928","238","1978","23"
"1929","323","1979","16"
"1930","740","1982","13"
"1931","592","1983","29"
"1932","140","1984","19"
"1933","739","1988","14"
"1934","948","1990","20"
"1935","591","1992","14"
"1936","401","1993","10"
"1937","502","1995","26"
"1938","131","1996","29"
"1939","821","1999","12"
"1940","865","0","22"
"1941","120","3","30"
"1942","577","7","26"
"1943","731","8","15"
"1944","287","10","26"
"1945","150","12","26"
"1946","774","13","29"
"1947","145","15","16"
"1948","932","16","24"
"1949","629","19","19"
"1950","577","22","17"
"1951","257","24","10"
"1952","901","26","10"
"1953","775","28","11"
"1954","706","29","20"
"1955","143","31","18"
"1956","853","32","26"
"1957","198","34","26"
"1958","563","38","22"
"1959","32","39","17"
"1960","797","40","26"
"1961","987","42","30"
"1962","210","48","27"
"1963","857","49","16"
"1964","129","51","26"
"1965","686","52","23"
"1966","36","56","24"
"1967","372","59","26"
"1968","183","60","10"
"1969","984","63","10"
"1970","698","64","18"
"1971","432","66","15"
"1972","735","69","23"
"1973","229","71","21"
"1974","316","72","20"
"1975","427","74","22"
"1976","454","75","20"
"1977","672","76","20"
"1978","280","79","19"
"1979","708","80","16"
"1980","648","83","25"
"1981","497","87","26"
"1982","8","88","20"
"1983","534","90","16"
"1984","82","92","21"
"1985","603","95","22"
"1986","338","97","25"
"1987","429","98","28"
"1988","395","100","13"
"1989","915","101","25"
"1990","632","104","14"
"1991","584","106","22"
"1992","555","109","11"
"1993","91","113","19"
"1994","720","114","19"
"1995","790","116","12"
"1996","629","117","20"
"1997","803","118","14"
"1998","300","119","25"
"1999","694","121","19"
